{
    "comments": {
        // symbols used for start and end a block comment. Remove this entry if your language does not support block comments
        "blockComment": [ "{%{", "}%}" ]
    },
    // symbols used as brackets
    "brackets": [
        ["{", "}"],
        ["[", "]"],
        ["(", ")"]
    ],
    // symbols that are auto closed when typing
    "autoClosingPairs": [
        ["{", "}"],
        ["[", "]"],
        ["(", ")"],
        ["\"", "\""],
        ["'", "'"],
        ["`", "`"]
    ],
    // symbols that that can be used to surround a selection
    "surroundingPairs": [
        ["{", "}"],
        ["[", "]"],
        ["(", ")"],
        ["\"", "\""],
        ["'", "'"],
        ["`", "`"]
    ],
	"indentationRules": {
		"increaseIndentPattern": "^\\s*(func|else\\s+if|if|else|for|while|capture|with|wrap|when|case)\\b.*$",
        "decreaseIndentPattern": "^\\s*(end|else|else\\s+if|case)\\b[^;]*$"
    }
}